RefCode,Icon,Title,Text,Color,LinkURL,LinkText,ImageURL,Topic,Type,Theme,Language,Delete
1,,Title 1,Text 1,,,,,breakfast,direct_edgy,sustainability,en,
2,,Title 2,Text 2,,,,,sleep,mi,body_positive,en,
3,,Title 3,Text 3,,,,,exercise,testimonials,stress,en,
4,,Title 4,Text 4,,,,,fruits_veg,info_ideas,other,en,
5,,Title 5,Text 5,,,,,screentime,direct_edgy,sustainability,en,
6,,Title 6,Text 6,,,,,beverages,mi,body_positive,en,
7,,Title 7,Text 7,,,,,fast_food,testimonials,stress,en,
8,,Title 8,Text 8,,,,,breakfast,info_ideas,other,en,
9,,Title 9,Text 9,,,,,sleep,direct_edgy,sustainability,en,
10,,Title 10,Text 10,,,,,exercise,mi,body_positive,en,
11,,Title 11,Text 11,,,,,fruits_veg,testimonials,stress,en,
12,,Title 12,Text 12,,,,,screentime,info_ideas,other,en,
13,,Title 13,Text 13,,,,,beverages,direct_edgy,sustainability,en,
14,,Title 14,Text 14,,,,,fast_food,mi,body_positive,en,
15,,Title 15,Text 15,,,,,breakfast,testimonials,stress,en,
16,,Title 16,Text 16,,,,,sleep,info_ideas,other,en,
17,,Title 17,Text 17,,,,,exercise,direct_edgy,sustainability,en,
18,,Title 18,Text 18,,,,,fruits_veg,mi,body_positive,en,
19,,Title 19,Text 19,,,,,screentime,testimonials,stress,en,
20,,Title 20,Text 20,,,,,beverages,info_ideas,other,en,
21,,Title 21,Text 21,,,,,fast_food,direct_edgy,sustainability,en,
22,,Title 22,Text 22,,,,,breakfast,mi,body_positive,en,
23,,Title 23,Text 23,,,,,sleep,testimonials,stress,en,
24,,Title 24,Text 24,,,,,exercise,info_ideas,other,en,
25,,Title 25,Text 25,,,,,fruits_veg,direct_edgy,sustainability,en,
26,,Title 26,Text 26,,,,,screentime,mi,body_positive,en,
27,,Title 27,Text 27,,,,,beverages,testimonials,stress,en,
28,,Title 28,Text 28,,,,,fast_food,info_ideas,other,en,
29,,Title 29,Text 29,,,,,breakfast,direct_edgy,sustainability,en,
30,,Title 30,Text 30,,,,,sleep,mi,body_positive,en,
31,,Title 31,Text 31,,,,,exercise,testimonials,stress,en,
32,,Title 32,Text 32,,,,,fruits_veg,info_ideas,other,en,
33,,Title 33,Text 33,,,,,screentime,direct_edgy,sustainability,en,
34,,Title 34,Text 34,,,,,beverages,mi,body_positive,en,
35,,Title 35,Text 35,,,,,fast_food,testimonials,stress,en,
36,,Title 36,Text 36,,,,,breakfast,info_ideas,other,en,
37,,Title 37,Text 37,,,,,sleep,direct_edgy,sustainability,en,
38,,Title 38,Text 38,,,,,exercise,mi,body_positive,en,
39,,Title 39,Text 39,,,,,fruits_veg,testimonials,stress,en,
40,,Title 40,Text 40,,,,,screentime,info_ideas,other,en,
41,,Title 41,Text 41,,,,,beverages,direct_edgy,sustainability,en,
42,,Title 42,Text 42,,,,,fast_food,mi,body_positive,en,
43,,Title 43,Text 43,,,,,breakfast,testimonials,stress,en,
44,,Title 44,Text 44,,,,,sleep,info_ideas,other,en,
45,,Title 45,Text 45,,,,,exercise,direct_edgy,sustainability,en,
46,,Title 46,Text 46,,,,,fruits_veg,mi,body_positive,en,
47,,Title 47,Text 47,,,,,screentime,testimonials,stress,en,
48,,Title 48,Text 48,,,,,beverages,info_ideas,other,en,
49,,Title 49,Text 49,,,,,fast_food,direct_edgy,sustainability,en,
50,,Title 50,Text 50,,,,,breakfast,mi,body_positive,en,